cutoff,det_sign,dps,kind,lam,log10_abs_det,m,n_sum,near_zero,ok,shift,sigma,signed_sign
6.0,1,50,hankel,0.0,-0.90559807557592584972,0,30,False,True,0,1,1
6.0,-1,50,hankel,0.0,-7.4450932037106750633,1,30,False,True,0,-1,1
6.0,-1,50,hankel,0.0,-19.749425685449091858,2,30,False,True,0,-1,1
6.0,1,50,hankel,0.0,-3.1439522234556131314,0,30,False,True,1,1,1
6.0,-1,50,hankel,0.0,-12.056162202475476985,1,30,False,True,1,-1,1
6.0,-1,50,hankel,0.0,-26.791370540394228972,2,30,False,True,1,-1,1
